text,category
Fragmanlarn izlediimde ok beenmitim. unu dndm bu film Amerika yapm olsayd Levet zmc Oscar aday olabilirdi nk Forest Gump benzeri yada Yamur Adam tadnda bir filmdi...,pozitif
Sinemada 2 kez arkadalarmla izledim filimi herkesin ortak gr aynyd izlemesi keyifli ve ok baarl bir filim senaryosu hakkndaki yorumlara iddetle kar kyorum lkemizde bu denli gzel TRK yapmlarda oluyo Her trl iddetle tavsiye ederim grlmesi gereken bir filim.,pozitif
muhteem bir oyunculuk sergilemi ikiside levent zmcnn zihinsel engelli bir kiiyi bu kadar baarl oynayabileceini dnmezdim hibir abart olmadan tm duygular yreimizin taaa iinde hissettirdi herikiside... filmde kahkahalarla gldm ellerimi azma kapatp gerildim ve hkra hkra aladm tm bu duygular ayn filme sdran tm yapma teekkr ediyorum... zlemeden yorum yapmayn ... Hibir yabanc filmle de kyaslamayn....,pozitif
"Bence film ok hotu ne bekleyerek gidiyor beenmeyenler anlamadm, bizim paralarmzla devleen yabanc film sektrnn bol hareketli ve efektli filimlerinden holanyosanz gitmeyin tabi.
Ama unutmayalm ki perdeye den her Trk filmi ne zaman en az bir milyon seyirci toplar ise ite o zaman herkesin beenecei filimler kar ortaya...",pozitif
"zleyin en ar eletiriyi yapn ama, ltfen filmi grmeden yorum yapmayn. ok ama ok gzel bir film olmu.Rain Man ile alakas yok.",pozitif
arkadalar neden filme gidip sonra yorum yapmyosunuz herkese tavsiye ederim izleyip grsnler karar izleyiciler verir ok gzel olmu bi daha seyretmek isterim bu arada galada herkes ayakta alklad madem gzel deil onca kii neden alklad peki neyse fazla yoruma gerek yok zaten herkese iyi seyirler emee sayg,pozitif
"Sinema sinemada izlenir felsefesi ile 28 yldr dzenli olarak sinema salonlarna giderim.Bu filmi  kez seyrettim,tek kelime ile mkemmel.ekimleri,senaryosu,kurgusu ve ekim iin seilen yerler zellikle Gmbe/elmal/antalya akda-suba yaylas her gitmemde hayran kaldm bir yerdir.Burada tekrar bu filmde emei geenlere sonsuz teekkrler,bu filmin orjinalini koleksiyonuma mutlaka katacam.",pozitif
"Filmi  kez izledim.Baz yorumlarda iddia edilenin aksine hi bir ekilde taraf tutmuyor,pek ok konuda zeletiri de yapyor.Finali, filmi beenen pek ok kiinin houna gitmesede bu final maalesef pek ok kez yaand..ac ama gerek.
Film ok iyi bir sese sahip bu sinemamz iin ok gzel bir ey.Mzikler de ok gzel.Ayrca ynetmen farkl alardan hayata bakmaya alm ve genelde iyi grntler sunmu bize..
Filme getirilen eletirilerden biri zaman zaman skc olduu.90l yllarn banda Gneydoudaki bir dan banda yaamak skcdr zaten ne bekliyorlar d ki..Filmden kan bir hanm kzmz!! arkadalar ile konuurken recep ivedikte daha ok elendiini syledi.Kulaklarma inanamadm.nsanlar nasl bu kadar ruhsuz olabiliyor.
Sonu itibariyle bulutlarn zerindeki bir dnyada biz ml ml uyurken,uyumamak iin mcadele edenlerin yks.",pozitif
"Film teknik olarak ok baarl. Kadrajlar, kamera hareketleri ve mekanlar zellikle sanat ynetimi ok baarl. Oyuncularn kiisel performanslar da ok salam. Bu filme teknik olarak kt diyen kii sinemadan anlamayan kiidir. Aksiyon sahneleri ok baarl. yle amerikanvari bir aksiyon yok. z be z Trk ii bu aksiyon ! Kald ki filmin bir derdi var. Gnmz siyasetine gndermelerde bulunuyor.

Karakol sahnelerinde mekan o kadar gzel ileniyor ki bir anda filmin iinde buluyorsunuz kendinizi. Genel grntleri ok baarl. Dyaloglar gereki, monologlar sarsc. Trk Sinema tarhinin sayl gzel eserlerinden.

ekim aamas ok sancl gemi lakin bu film olmu. ekilen sanclara demi.",pozitif
"gerei grmek ou zaman zordur. para verip sinemaya gidip gerei grmeye herkes katlanamaz. katlanamayanlar yorumlarndan zaten anlyoruz sanrm.
bu film kimsenin grmek istemedii eyleri gsterdi belkide gzlerini smsk yumanlara.
ama orada zaten vatan evlatlar var orada zaten bir sava var orada zaten pek ok ac var. imdi yokmu gibi mi davranalm? levent semerciye sayglarmla ...",pozitif
"lk blm belgesel tadnda genel olarak askerliin zorluunu anlatan bir film olmu.
Filmin son sahneleri beni ok etkiledi film bittikten sonra 5 dk. koltuunuzdan kalkamyorsunuz.",pozitif
selen Seyven dnda ok gzel bir filmdi.Levent zmc gerekten iyi hazrlanm rolne. En azndan beni etkilemeyi baard. Fakat konu daha deiik sonlandrlabilirdi. Ama yine de ho olmu. Emeinize salk.,pozitif
"film tam anlamyla mkemmel bir konu bu kadar gereki anlatlabilir ancak, askerlerin piskolojileri verdigi mesajlar ok eden sahneler, insan ok eden derinden etkileyen bir film, hele benim gibi askerligini douda yapm biri iin. film insan iine alyor sanki o havay soluyor ve yayorsunuz,en azndan orda yaananlar hi bilmeyenler iin iyi bir deneyim biraz belgesel tad var filmde kesinlikle sinemada gidin ve izleyin piman olmazsnz, zellikle mete horozolunun oyunculuu ok gzel rolne ok yakm, babam ve ben filmde emei geen herkesi tebrik ediyorum...",pozitif
"kendime bir liste yapsam en iyi on film arasna alrm. film, fotorafik adan mkemmel kadrajlara sahip. sanrm srf bu adan bile bakldnda bir devrim trk sinemas iin.
ieriine gelince. zaten damarmza dokunan bir konu. ama tarafsz ilemi ynetmen konuyu. bence kesinlikle gidip izleyin. ve unu da belirteyim, mutlaka sinemada izleyin.",pozitif
Dn dayanamadm yine gittim filme yine ilk kez izlemiim gibi ok etkilendim. Ve tek bama izlerim diye dndm inanamadm kanc haftas 3 5 tane koltuk botu! mraniye AFM sinemasnn ne kadar byk olduunu giden bilir ve ona gore hesap yapn.,pozitif
"Benim amdan ok keyifli ama bir o kadarda hznlediren bir filmdi. Eletiren arkadalarn beklentisi nedir bilinmez ama ylmaz erdoan filmlerinin her zaman bambaka bir tad vardr, iir tadnda bir gibi, bu da yle olmu.",pozitif
Bu filmi anlamak ve sevebilmek iin ie ge kalmamak iin en az bir kere otobse minibse depar atm yada gnde 12 saat para kazanabilmek iin sama sapan iler yapm olmanz lazm. Hayatnda para kazanmann zor ksmn grmemi veya ailesinin parasyla yayanlarn anlamas ok zor. filmdeki olaylarn kiilerin ve mekanlarn hepsi ok gerekti.,pozitif
"ok abartld kadar bir film deil. Hele kesinlikle Ylmaz Erdoan n en iyi filmi deil. Ama bu dediklerim filmin scak ve sizi saran bir film olmasn deitirmiyor. Sonuta skmayan , gayet neeli ve gzel oyunculuun olduu iyi bir film.",pozitif
"Bugne dek izlediim en iyi Ylmaz Erdoan filmi ve yine bu yl izlediim en iyi film. Tek kelimeyle bir aheser yaratm usta bu kez. Vizonteleler, Organize ler hep baarl yapmlard ancak bu bambaka bir film olmu. Rza enyurt inanlmaz bir karakter. Tamamen iimizden biri. Harika bir gzlem ve analiz var bu karakteri oynarken Erdoan da. Varolarda yaayan, namuslu fakat boyundan byk problemleri olan bir adamn, ailesini ayakta tutmak iin verdii mcadele sper. Kars rolnde yine harika bir oyunculuk. Gelecein Demet Akba  geliyor bence. Her baarl erkein ardnda bir kadn vardr sz bu karakter iin sylenmi ite. Ana bir yap ve aileyi bir arada tutma grevi stlenmi bir reglatr. Rza Akn bal bana fenomen. Sinan Bengier yllarn deneyimini yle gzel yanstm ki perdeye. Sakin ama bir o kadar da gck bir tipi oynuyor. stelik mcadelesinde de sonuna kadar hakl. Filmin tek kt yan Ylmaz Erdoan iin. Her yapmnda ileri gitmek zorunda olduunu dnrsek, bundan sonra ii ok ama ok zor olacak. 6,3 gibi bu sitenin yelerine olan gvenimi temelinden sarsan bir puana ramen 10 zerinden 10 hatta 11 diyorum.",pozitif
"Senaryosunun zgnl yani tamamen bize, bu topraklara ait olmas,kstl bir bteyle zor koullarda yaplm olmas ve bunun evrensel bir ekilde sunulmas filmi bu zamana kadar yaplan en iyi trk filmleri arasna sokmaya yeterli.Oyuncularn performans da hi yabana atlacak trden deil. zellikle filmin sonunda ki atma sahnesi ok gereki anlatlm. Emei geen herkesi kutluyorum.",pozitif
"kesinlikle ve kesinlikle, gelmi gemi en iyi trk filmi, ekim teknikleri, anlatm tarz, doall, smr yapmamas ve lkemzin yerlerde srnd aksiyon sahnelerindeki baarsyla bu film zirvede. Sanyorum byk beklentilerle gidenler amerikan tarz patlayan tanklar,uaklar ve 500 milyon dolarlk bi yapm bekliyorlar,henz sektr bile olamam trk sinemasndan bahsediyoruz, ayriyeten bu film kesinlikle salt sava dan bahsetmiyor,karakterlerin de ruh halleri detaylandrlm yani piskolojik yan da var.Gnl rahatlyla gidilebilir.",pozitif
"Bir takm Amerikan sinemas ve Rambo hayranlarnn, konumalarn anlalmad, sahnelerin ok karanlk olduu vb yndeki eletirilerini zntyle okudum. Filme burun kvranlara tek bir szm, filmin son derece gereki ve baarl olduu ynndedir. Seslerin ve n kullanm mkemmeldir. Oyunculuklar ve ynetim de yle. Filmin sonunda seyircinin psikolojisinin de dnlm olduu anlalmaktadr. Filmin sonundaki geri dn bunu aka gsteriyor.",pozitif
"Film, basit grnen hikayesinde bile boluk brakmadan ilerliyor ve buruk bir tat brakyor, insann iinde. Oyunculuklara gelince genel olarak iyi; fakat Levent zmcnn performansnn dierlerinden bir adm nde olduunu belirtmek gerek.",pozitif
"Trk filmlerine sadece Trk filmi olduu iin pohpohlanmasna kar olan biri olmama ramen, diyorum ki mutlaka gidin, hem elenmek iin illa glmek gerekmediini hem de dnyada sizinkilerden baka aklnza gelmeyen ne dertler kederler varm grn. Ylmaz Erdoan ve arkadalarn tebrik ediyorum.",pozitif
"Sonu biraz aceleye gelmi gibi. Ancak bir btn olarak bakldnda gerekten de Ylmaz Erdoan'n en baarl filmi. ok salam bir sinema dili var ve Ylmaz Erdoan'n oyunculuu muhteem. Ylmaz Erdoan'n btn filmlerinin komedi olmas gerektii sonucuna nerden varyor insanlar, anlamyorum. Recep vedik filmi deil ki bu, niye komik deil diye ikayet ediyor herkes? Sapasalam adam gibi bir film.",pozitif
"Film gerekten ok gzeldi. Yaplm en iyi Trk yapmlarndan biriydi. Uzun zamandr bu tarz filmleri bekliyorduk. Bu film terr belasn gzel bir ekilde iledii gibi, seyir zevki yksek bir filmdi. Sinemaya gidip de izlemeyen arkadalara iddetle tavsiye ederim.",pozitif
Kt yorumlara bakarak sakn filme gitmemezlik yapmayn. Tamam film komik deil ama kendine has bir lezzeti var. ok doal ok gerek. Bana eski Kemal Sunal filmlerini anmsatt.oyunculuk hakknda zaten konumaya gerek yok Ylmaz Erdoan'n gzleri fakir bakm resmen. iddetle tavsiye ederim!,pozitif
ok ilgin ve deiik bir film. Fazla geveze bir film olmasna ramen ben baya beendim dl almas tartlabilir ama bence fazla diyaloglara taklmazsanz rahatlkla ilenecek film. nr Erkan ve Kadir ermik rollerinde ok baarllar.,pozitif
"Kesinlikle izleyin piman olmassnz. ncelikle grnt ynetmenini tebrik etmek istiyorum gerekilik ve alar muhteem tam bi grsel len. 
Filmin ba ok gzel ama ortalara doru skyor gereinden fazla uzam o ksm yada doldurulamam.
Ama yle bi final var ki yerinize ivileyecek gerekten bylesi bi durumda olup da bu kadar tarafsz olmalarn beklemezdim.
Ne propoganda ne nefret var %100 gerekler gerekten uyuyanlar varsa bu film sizi uyandrcak yeni bir Nefes alcaksnz kesinlikle gidin.",pozitif
"Film her ynyle - oyunculuk, kurgu, senaryo - baarl.. Fakat filmin en zayf halkas olan Selen Seyven yerine baka biri oynasayd ok daha iyi olurdu. Nerden nasl bu filmin kadrosuna girmi anlayabilmi deilim zaten.8/10",pozitif
Filme gelince izlemeden yaplan yorumlar ve byarglar hemen kibarca bir kenara atyor izler izmelez. nsann kendini tam gbeinde hissedecei scak ve bizden bir hikayesi var. Hafta sonnu  filme birden gittim ama bir tek abimden hem glerek hem de alayarak kan insnalar grnce anladm ki gzel bir film olnu ve iyi ki seyretmiim. iddetle neririm grmenizi zira trnde ok deneme var ok az film olmay baarailiyor.,pozitif
"arkadalar bence bu film ok scak bir kardelik yks.. ailesinde zihinsel engelli bir yakn olan herkezi etkileyebilecek ok nemli detaylara sahip.
ncelikle bu insanlarn ailelerinden baka kimsesi olmadn devletimizin bu konudaki eksikliini,bu zel insanlarn bize anlamsz gelen ve bizi korkutan baz hareketlerinin ardnda hide korkun hislerinin olmadn gsteriyor. ve en nemlisi 3 aralk dnya engelliler gnnde yaplan galas ile bu konuya dikkat ekmesi bence nemliydi.
teekkrler baarl ve akc bir film.",pozitif
bu filmin dram ok gzeldi yeri geldiinde gldrp yeri geldiinde znlendiren gzel bir yapm mustafa stnda iyidi onu zaten muro karakteriyle beyendik ve deiik filmlerde oynamasda gzel olmu ok iyidi diyebiliriz sonu iyi bir senaryo dramylada iyiydi,pozitif
"ok gzel bir film,hem gldryor hemde alatyor.Ynetmene ve zihinsel zrl rol oynayan levent zmcy tebrik ediyorum.Kendisini avrupa yakasnda gereksiz bir tiyatro oyucusu olarak buluyordum taki filmi izleyene kadar.Bu kadar usta bir oyun sergileyebilecek trk oyuncu says 100  gemez.Tebrikler... Gidin ve mutlaka izleyin.Recep ivedik ve kolpaino severlerde uzak dursun nk bu film tarz onlarn kapasitesini aar...",pozitif
"ncelikle her grdnz ak sakall dedeniz deil ise her grdnz biri normal olmayan iki arkadan yol hikayesi de Rain Man deil.Bu film konu itibariyle izlediyseniz ya d aokuduysanz John Steinbeckin Fareler Ve nsanlar adl Hikayesine benziyor.Bu ok eski ve trajik yknn gnmze uyarlanmasnda bir saknca da grmyorum.Filmi galasnda da izlemeden sadece fragmandan vmek ya da yermek ne kadar akllca takdirinize brakyorum.Sanrm insanalr yorumlar blmn izleyenlerin grlerini okumak iin ayorlar ki film hakknda fikir edinsin gidip gitmemeye karar versin.Filme gelince Levent zmc oyunculuuyla hayran brakyor.e dokunan bir yks var.Bir ahaser deil; ama yerin dibine batrlacak bir film de deil.zlerken biraz ykdeki karakterlerin yerine koyarsak kendimizi filmin aslnda belki de daha derin izse daha baarl, daha anlalr olacak olan yksnden etkileniriz.Galasn bilmem;ama benim izlediim salonda epey elendiini gzlemledim insanlarn.zlerken sklmadm samimi bir film.Ya snr gerekten gerekli bu arada.",pozitif
"Senariste lafm Rain Man filmini taklit ederek senaryo yazlmaz. Ynetmene lafm, filmin sonunda milleti alatmak iin trl aklabanlklara girilmez. Son olarak yamur sahnesini millet anlamaz bak ben bunu itfaiye hortumuyla salyorum grn diye gsterilmez. Tm bunlar gremeyen izleyicilerde, sakn bana film harika demesin",negatif
k zaman itibariyle hassas bir dnemden getii iin lkemiz bu film bu kadar gie yapt. nsanlar milliyetcilik duygularyla akn ettiler sinemalara ama yle ahm ahm bi film deil. Konu yok olaylar aras balant yok grsellik yok sahneler ok uzundu. Bari sonu gzel balansn diye umut ettim fakat o da tam bir fiyaskoydu.,negatif
"eer birazck filmden anlyorsam bu film be para etmez. Tam bir hayal krkl, sadece insanlarn duygularn smrp paralar cebe atmak iin yaplm bi film. Filmde iki tane sahne var onlar da fragmana koymak iin yaplm sanrm, gerisi bo sahneler onlarda uzatmlar da uzatmlar.
Kesinlikler tavsiye etmiyorum.",negatif
"Trk askeri ayaklar altnda ezilirken sktklar kede falta gzlerle izleyenlere, Trk askerinin son nefesinin propagandasn yapan bir filmi byle alkladk. buraya ilk yazlan yorumardan birinde, bir arkada demiti ki; bu film bize ihanettir. Haklym. Tm olumlu eletirilerimi geri alyor ve filmin tamamiyle maksatl bir ama uruna yapldn belirtiyorum... Sinemasal deeri bile yok ve bir terr rgtn Trk ordusu ile, bir terristi de Trk askeri ile kyaslayp, terist ban mistik bir kahraman gibi gsteren bu filmi yapanlar knyorum.",negatif
"Skldm,kelimenin tam anlamyla acdm verdiim paraya. Filmi tekrar tekrar izlemek istediklerini syleyen nl yorumculara baarlar diliyorum. Biz hayatmz onlar kadar kolay kazanamyoruz. Zaten ayda 1 kez zar zor ailecek sinemaya gidiyoruz, o film de hayalkrkl knca zlyoruz.",negatif
Hayatmda bu kadar Amerikan zentisi sava filmi taklidi grmedim. Drama yapacam diye senaryoyu berbat etmiler. Tam propaganda. Neye kime yaranyorlar bilmem. Puan bile haketmiyor. Yazk harcanan paraya. Fragmanndan bile kaasm geldi.,negatif
bizzat gittim ve izledim. o kadar reklama yazk bence. filmde glnecek yada beenilecek tek kare yok. gidip paranz pe atmayn.,negatif
"Filmin olduka iyi bir konusu olmasna ramen, ileni, ilerleyi, anlatm ve final kesinlikle yerine oturmam. ayet ben finalde byk hayal krklna uradm. Finali seyirciye iyi yanstamadklarn dnyorum, gereksiz replikler kullanlm. Finale giri, etki tepki olgusu, o andaki duygusal ykseli seyirciye daha iyi nakledilebilirdi.",negatif
"nanamadm mthi bir kadro, mthi bir ekip (ynetmen, senarist, yapmclar) her ey gzel ama resmen fiyasko bir film. Adeta oldu bittiye getirilmi, romantizm deseneniz romantizm deil, siyasi desenesiz o deil adeta ne id belirsiz sama sapan bir i olmu. Byle ekip ama yle bir film gerekten ok yazk olmu. Beren Saatn performans da ayrca kt.",negatif
normalde filmlere yaplan olumsuz eletirilere kar biriyim. sonuta o kadar emek harcanm. ama bu filmde o emein harcandn dnmyorum. aceleye gelmi oldu bittiye getirilmi bir film. ktnzda ve film bana ne verdi diye kendinize sorduunuzda cevabnz koca bir hi olacak. tamamen beren saatin poplaritesi zerine kurulmu. Serdar Akar ve Mahsun Krmzgl'den hi beklemezdim bu tarz bir film.,negatif
"Bunun ad film ise, biz her gn bunlardan 7-8 tane ekeriz. mrm bitti film bitmedi, bari birey anlatlsa. Hayatmda bu kadar kt film grmedim ve hayatmda hi bir film iin yorum yapmamtm, ama bu seferki efsane derecede kt olduu iin bunlar yazmam gerekirdi. Bu tarz filmlere gidip paranza zamannza ve gzlerinize yazk etmeyin. stelik bizim paralarmz alp, sanacaklar ki ok beendik, yeni bir film daha ekip yine bize eziyet ektirecekler. Trk sinemas adna zldm.",negatif
"Arkadalar, tm yorumlar okuyamadm, belki farkeden olmutur daha nce ama; bu filmin senaryosu Yamur Adam filminin birebir ayns. Bir de kalkp Trk filmlerine destek olalm falan demeyin. Bariz bir ekilde alnt var. Buyurun, inceleyin",negatif
"Yorumlarda genel olarak kt trk filmlerinden yaknlyor. Bu film iin de ayn ikayetler dikkat ekiyor. Ama yorum yazanlar genelde bu tr basiretsiz sinema denemelerini yapanlara kzyor. Ceplerini parayla doldurmak isteyenlere kzmayalm, onlarn fazlasyla basit arklarna su tayan biz aklszlara, ksacas kendi kendimize kzalm. Seyirci nerede kt, bayat, arsz bir film var kouyor. Haydi hayrls. Bu iin sonu 1980'lere benzeyecek. Trk sinemas yaknda ger. Ticari film, ticari film diye yrtnan yapmc ve datmc irketler bu ii bir daha dnsnler. Byle ticaret olmaz nk.",negatif
"Mutsuz olmak istiyorsanz gidin. ok kt bir film olmu, filmden te ok kt bir hikayesi var. Tabiri caizse baslmamas gereken btn notalara basyor film. Batan sona detone bir arky dinlemek kadar rahatsz edici. Basit aklaryla basit bir film.",negatif
"Filmi az nce izledim. Tuna Kiremiti'ye teekkr edeceim tek konu filmi ksa ekmesiydi nk film biraz daha uzasayd kmak zorunda kalacaktm. Tm samimiyetimle sylyorum ki hayatmda daha kt bir film izleyebileceimi zannetmiyorum. Ltfen yapmclardan rica ediyorum byle filmler ekip insanlar Trk filmi izlemekten soutmasnlar.
Ayrca oyuncular da bir trl anlayamadm ekonomik adan bu kadar m kt durumdaydnz ki byle bir filmde rol almay kabul ettiniz?",negatif
"Bir ilk film olarak ok zayf kalm, bir ynetmenin yapmas gerekenlerin hibirini yapamayarak projesine sahip kamam. lk olarak senaryoyu ele alrsak; bir yazar olarak senaryoyu nasl bu kadar zayf yazm anlayamadm. Konu sevilir veya sevilmez ama en azndan tutarl bir taraf olur. Ne anlatmaya altn tam anlatabilmi ne derinlemesine karakter tahlili yapabilmi, hibir ey yok. Daha filmin ilk yarsnda nereye gidecei belliydi. Yani iki insan arasndaki elektriklenme bu kadar m basit bu kadar m yavan anlatlr. Olmam olamam ve olmayacak da! Bence kendisinin son filmi olur. Sinemada poplizme ve seyirci kandrmaya hayr. Yazk harcanan 2 saatime zldm.",negatif
"Olumsuz eletirilerin tamamna katlyorum. Amasz, kalitesiz, bir ka nl oyuncunun bir araya getirilmesiyle meydana getirilmi bir fiyasko!

Trk sinemas tam ykselie geti denirken byle kt filmlerin salonlarda yer almas hayra alamet deil!

nk seyirci bu tr filmler gelmeye devam ederse Trk sinemasna yine srtn dner.",negatif
"Byle bir oyuncu kadrosunun olduu bir komedi filmin bu kadar vasatn altnda olacan dnemezdim. Gerekten yazk olmu bence zellikle afak Sezerin u an kadar oynad roller arasnda en kts, Aydemir Akban performans filmi kurtarmaya yetmiyor.",negatif
basit trk filmlerinden bir tane daha. artk afak sezer byle kalitesiz esprili filmleri yapmasn. lkemizin sinemasnn gelimesi iin daha iyi kurgulu ve dndrc senaryolar lazm. hem komedi hem de dier trler iin de geerli bu.,negatif
Filmin fragmann bile izlemedim. nk filmin tamamen gie iin ekilen nl oyuncu yn filmlerden biri olduunu tahmin etmek zor deil. Merak ediyorum bu filmi izleyip de olumsuz yorum yazanlar ne bekliyorlard? Sonucun hayal krkl olacan kestirmek bu kadar zor mu? Trk sinemas ciddi bir kalitesizlik girdabnda. Sama sapan filmler yznden 70li yllar bile zler olduk.,negatif
"Emek desen emek yok, sanat desen sanat yok, senaryo oyunculuk zaten yok. Yok olan bireye bakmaya da gerek yok. Trk sinemasna destek bu tr filmlerin gielerini ykseltmekle olmaz. Festivallerde saysz dl alan filmler bir ka ilde vizyona girerken ve biz izleyemezken byle filmler 200 300 kopya ile vizyonda oluyor.",negatif
Buradan yorumlar okuduumda gitmemeye karar vermitim. Geenlerde arkadamn doum gnyd. Bu filme gitmek isteyince kramadm. Sonuta hep beraber skldk. Tavsiye etmiyorum.,negatif
Filmi hi beenmedim hatta ok fazla duygu smrsne karlm. Zaten Mustafa stnda (halen Muroda kalm oyunculuu) ve Levent zmc iyi bir ikili oluturamad gibi Levent zmcnn performans ok kt adeta bir zeka zrlyle alay eder gibi oynam. Film en byk handikap ise ok fazla Rain Man filmine zenilmi olmas.,negatif
"Filmde sinema tad yoktu.
Bir dizinin bir blm gibiydi.
Televizyonda da izlemeniz mmkndr.Artk ok daha zgn yapmlar istiyoruz.Televizyondaki bir haftada ekilen dizi blmlerindeki kalitenin zerinde filmlerin sinema perdesine tanmasn bekliyoruz.
Trk izleyicisinin sinemayla barm olmasna gvenilmemeli.
Eer kalitesizlie devam ederseniz bu altn yumurtlayan tavuu boazladnzn resmidir.",negatif
bu gn izledim filmi. Beenmedim. yani sama sapan bir ak var. beren hanm toplasan 10 cmle ya kuruyor ya kurmuyor. garip bi ey olmu. seyirciye aktarlan herhangi bir duygu akas bulamadm. Sinemaya gitmeden tekrar dnn derim.,negatif
"Az nce filmden ktm. Akas verdiim paraya ve giden vaktime zldm. Film komedi desen komedi deil, dram desen dram deil, yle arada derede kalm. Orta seviye bir tansiyonda balyor ve hep ayn tansiyonda devam ediyor ne ini var ne de k. Hadi bir ey olsun artk diye bekleyip duruyorsunuz. zlerken bitse de gitsek eklinde izledim, yani bu kadar skldm nadir olur sinemada. Ak konumak gerekirse ou insana ok komik gelen Ersin Korkut tepkileri ile komedi ve Ylmaz Erdoan drama tarz, kartrlp bir film yaplmaya allm diyebilirim. Ama maalesef hi olmam.",negatif
"Film ile ilgili grler iki kutupta toplanyor. Ben de beenmeyenler tarafndaym. Bugn izledim filmi ve filmin hikayesini zayf buldum. Ylmaz Erdoann bireysel olarak en iyi performans ve gemi karakterlerine gre daha farkl bir karakter oluturmu. Sahneler iyi ekilmi, detaylara nem verilmi, teknik olarakta sorun yok, diyaloglar iyi ama hikaye ok s. Dier arkadalarn dedii gibi Kemal sunal filmlerinin daha iyi oyunculuk, daha iyi teknik ile ekilmi hali. Ayrca BKM Mutfak oyuncular herbirinin filme dahil edilme abas filmin btnln ve inandrcln bozmu. Dier bir eletiri de tempoyla ilgili (yine senaryo sorunu). Film bandan sonuna ayn tempoda gidiyor. Bir ey olur diye sonuna kadar beklerken sonu geldi hale bir ey olmad.",negatif
Film konu olarak da kadro olarak da beni tatmin etmedi. Issz Adam'n anlam veremediim kndan sonra gene garip ilikiler zerine ve gene Melis Birkan'la film ekilmesi spriz olmad. Bizde tutulan biey mutlaka tekrarlanr. Entel kesimin vglerine mazhar olacana emin olduum bi film daha. Ben Issz Adam' izleyene kadar okuduum tm gazetelerde yere ge sdrlamamt.zlediimde bumu bu kadar vlen ey demitim. Boa giden bir sreydi film sresi benim iin. Bunun da ayn kaderi paylaacana eminim.,negatif
"Piyasadaki yapmlar eletirmek amacyla ekilmi bir piyasa filmi. Sinemada izlediime piman oldum. Btn oyuncular vasat bir performans sergilemi bence. Biri dnda. Ahmet akarn sahneleri bu yzden evrilip evrilip verilmiti. Televizyon aptal kutusu sinemay da yle yapalm zihniyeti gdlm gibi geldi bana.
Halbuki daha felsefi ve daha duygusal bir yapm beklemitim. Bu ekilde tek ksm sevgili Metin Uca'nn yorumlar olacak. Keke televizyonun bu kadar hayatmza girdii dnemde bu kadar s bir film yerine daha ok irdeleyen bir ey olsaym.
Anlalan gldrrken dndrme ii Nasrettin Hocadan sonra ld.",negatif
neye zlyorum biliyormusunuz.adil olmak baka gelii gzel konumak baka burada ogu arkada filmi savunuyor.avukatlgn yapyor bende diyorum ki arkada bu filim srf filim olsun diye ekilmi.okadar bo aptalca taklit bir filim.ben param hakettigine inandgm filimlere vermek istiyorum bence bu filim benim param haketmiyor.hatta stne para verseler yine gitmem..oyunculara szmyok sanatc her rol oynar saygm var.ama yapmclar iin dndklerim bunlar.bence asla gidilmez can skc,negatif
vakit kaybndan baka bir ey deil. Sinemadan ne anlar bunlar ya? skldk artk bu filmlerden,negatif
Byle filmler ekilecekse Trk sinemas sonunda ne olacak? Geen hafta Trkler ldrm Olmal imdi Abimm insan soutuyorlar.,negatif
"Yamur Adamla ilgisi yok diyen arkada ya hayatnda Rain Man filmini izlememi, ya da fazlasyla tarafl bir biimde yersiz bir savunu yapmaya alm.

Film vizyona girmeden yorum yapanlara lanet okuyanlar ve izlemeden eletirmekle sulayanlar ya vizyon ncesi Gala izlemelerinden haberleri yok, ya da olumsuz fikirlere tahammlleri yok.

Ayrca unu da belirteyim; bu sektrde alan pek ok kiinin bir filmi vizyona girmeden grme ans var bunu da unutmayn.",negatif
"Konu deseniz konusu olmayan, BKM oyuncularna ve Ylmaz Erdoan'a yakmayan, sadece para kazanmak iin yaplm bir film.
Bu arada aln teriyle alp para kazanmakla  gnde milyarder olmak hayalleriyle batmak arasnda dalar kadar fark var. Ylmaz Erdoan imdi ok neelidir herhalde, filmdeki kahramann yapamad gibi kazand bedavadan paray.",negatif
"Filmi izlerken ok skldm, Ylmaz Erdoan'n en kt oyunculuuydu.Bu filmi bu kadar abartanlar anlayamyorum, ya onlar bu iten anlamyorlar ya da yalan yere destek oluyorlar. Filmin konusu iyi olabilir ama oyunculuk ve filmi izlenir klan baka eyler de nemli olsa gerek!",negatif
"Bir film srf eletirilmek iin izlenmez zaten o mantkla gidersen zevk alamazsn.
Bu filmde ilenen konunun dramatik yann son dnemde hibir filmde grmedim akcas bundan dolaydr ki...
10/6
yi seyirler...",notr
"Bu gerekten 10 zerinden 10luk bir film.Ama askerlik,ehitler,vatan,millet vs. konularna deindii iin deil; gerekten oyunculuk,sinematografi,kadrajlar,ekimler,srkleyicilik,diyaloglar konusunda ok iyi bir film olduu iin.lk bahsettiim eler filmin giesini beki 1 deil de 2 yapar ama bu onun kt bir film olduunu gstermez.",notr
filmi zellikle askerliini yapanlar daha farkl bir gzden izlemitir kesinlikle ve bende onlardan biri olarak gerekten batan sona gereki gzel bir film izledim emei geenlere teekkrler...,notr
filmin batan itibaren 4 te 3  ar aksak devam etse de arasra parlayan kk klar biraz kurtaryor.Bence daha zengin bir senaryo ve kurgu yaplabilirdi.10 zerinden 6-7 aras not verebilirim.Bu filmi ABD liler yapsayd nasl olurdu acaba?,notr
ya arkadalar ben anlamyorum.bir takm milliyeti duygularmzdan dolay bu filme harika diyoruz.aslnda film olarak bakarsak pek bi ey yok bence.ama yine de trk standartlarna gre baarl saylabilir.,notr
"ok etkileyici bir film,tarafsz gzle izleyen bir yabanc bile bu filmden etkilenmitir eminim.Trk askerinin hangi artlarda,neyle mcadele ettini,kendi vatannda yaad aresizlii yalansz ve abartsz bir ekilde gstermi ynetmen.Oyuncularda Trk filmlerinde
gsterilen en iyi performansa sahipler bence,zelliklede yzba roln muhteem oynam.Daha ok sz var sylenecek ama uzar gider:)en iyisi izleyin,izletin,imdb.com da oylayn.Oylaynki insanlar filmi izlesin ve bizimde istediimizde neler yapabileceimizi grsnler.",notr
"orada bi savan olduu,trk askerininde ellerininn titreyebileceini, korkabilieceini ksacas onlarnda insan olduunu bazlarna gsterdii iin teekkkrler.(alrz darmadan ederiz 3 gnlk ii var diyenlere) birde daa kanlarn kandrlmad bir sebepleri olduuna biraz olsun deinebildii iin teekkrler(ama zamanlamas itabiriyle filmin ticari amal olduuna inandm soylemedende geemeyeceim)...",notr
byk bte ve teknolojiyle ekilmi amerikan filmleri ile bizim yerli filmleri karlatrmaya bile gerek yok. basit bir tv filmiydi. beni duygulandran yanlar olmad dersem yalan olur ama o kadar da olsun. gitmeyin derim demez.,notr
"Ylmaz Erdoan n en iyi filmi olmad kesin. hatta bana, film yapmak yerine iir okumas gerektiini dndren bi eser olmu.
fazla dramatik.",notr
"Filmi ok beenenler ve hi beenmeyenler arasnda br uurum olumu durumda.Ben de srf hang gruba dahil olucam diye meraktan gittim bu filme.Berbat,rezillik diyenler kadar acmasz olamcam ama ok guzel,ahaser diyenler kadar da abartl olamcam.Sradan bir hikaye ve sradan bir film.Bence daha komik hale getirlebilir ve daha ince ilenebilirdi.Sanki yle bir film yapaym ki BKM oyuncularna da ekmek kaps olsun edasyla yaplm.",notr
"film benim gibi bu tarzdan holananlar iin olduka iyi!
ksaca basit, abartdan ve arlktan uzak ve gerek bir film!
sinemann asl amac, insanlara kendi yaamakta olduklar hayatn dndaki yaamlar da gstermekse eer; tam anlamyla amacna ulaan bir film!
ben beendim! bu tarzdan holanmayanlar iin bile gittiklerine piman olmayacaklar bir film!",notr
bu filmin neresi gzeldi onu bi sylesenize.bence ok basit bi filmdi.kyde ocuklardan dayak yiyen levent zmc ehirde tam bi seri katil oldu ne hikmetse? zor bitirdim.levent zmc ok abartmt deli roln,notr
"Tek kelimeyle aheser. Olumsuz eletirileri anlamak mmkn deil. Dram ve komediyi Ylmaz Erdoandan bakas bu kadar muhteem ileyemezdi zaten.Hayatn iinden,scack son zamanlarn en iyi Trk filmi. Filmden anlayanlar filmi izledikten sonra bana hak verecektir.",notr
Ne izleyeceini bilerek gitmek lazm. Komedi deil dram deil ikisi de tam yok da biraz havada kalm gibi. Film kt deil fakat bu ekipten daha iyi bir i beklerdim ahsen ama izlemeye deer.,notr
Baz yorumlar okudum ve ok zldm. bence film muhteemdi. Bugne kadar yaplm en iyi trk filmi. Bende douda askerlik yapm biri olarak sylyorum. Komutann psikolojisi ok gzel aktarlm. Final sahnesi ok karanlk ve hi birey anlalmyor denmi. Yannzda makinallar alrken ke kere sohbet etmi bu yorumu yapan arkadalar merak ettim. Askerlik yapmam insanlar anlayamaz. Filme gidecek insanlar unu bilsin. Gereklerin ta kendisi...,notr
"Bu film hayatnda daha nce sava filmi izlememi insanlar iin harika, inanlmaz yada sper bir film olabilir. Ama benim iin vasat bir film. Askerlerin psikolojik durumunu sper anlatyor diyorsanz o halde daha The Thin Red Line izlememisiniz demektir. Ben bu filmi destekliyorum, ok kt bir film de deil ama abartlyor.",notr
Film iyi ve kt yanlar diye ikiye ayrmak gerekirse iyi yanlar senaryo gzel konsept iyi. Fakat atma sahnelerinde ne oluyor ne bitiyor ne mevzu belli ne de konumalar. Kapkaranlk bir ortam beni filmden souttu kim ne diyor duyulmuyor. Ne verdiim paraya piman oldum nede karln alamadm vasatn st fakat ok byk beklenti ile giderseniz biraz hayal krkl.,notr
"hayretle izledim. biz byle filmler yapabiliyor muyduk? bu filmi yapanlarn ellerine yreklerine salk
ok arpc,harika bir film.
bulutlar sahnesindeki komutanla doktor un konumas sahnesi... ok ok ok iyi bir film.
karanlar zlecek..",notr
"Bu filmi beenmeyenler ltfen hi bireyi beenmesinler bir daha da Trk filmine gidip o deerli paralarn sokaa atmasnlar. Bu film hakknda yaplan sama sapan yorumlarn hep kastl olduunu dnyorum. Bir filmde ufack bir gerek olduunda bu gerei kabul etmek neden bu kadar zor hala anlayamyorum, siz olmayan dnyalarda ki olmayan kahramanlk yklerini izlemeye devam edin hollywood belki bir gn size de amerikan bayrann altnda bir rol verir. Bu filmde emei geen herkese ok teekkrler.",notr
"ok etkileyiciydi. Aklmda bir sahne takld ki gnmz hayatna tokat gibiydi. ""Masaya yatrlm kadn terriste mdahale yapmaya alan doktor bir asker, bir taraftan komutann sinirli tavrlar ve arka plandaki televizyonda gen bir kzn gzellik yarmasndaki yorumu...""
Ne gzelde ifade etmi film hayatmz, ya herkes nerde olduunu bilecek ya da kzlarda askere gidecek",notr
"Durumun ne kadar hazin,duygularla oynayan,ackl bir halde olduunu anlatmak iin arkaplanda bir anlatc ses kullanmak,mzik ve iirlerle zaten duygu ykl olan durumu daha da duygusallatrmaya almak bazen smr noktasna ulaabiliyor.
Filmde anlatlanlar doru,gerekten olan eyler.hatta ok daha trajikleri yaand,yaanyor.Ancak sinemaya giden seyircinin izledii eyi yorumlama zgrl olmaldr;yani ne kadar hznl,ne kadar sama ya da ne kadar korkun olduu konusunda.Ama malesef bu filmde seyirciye bu ans tannmam.Herey anlatlm,yorumlanm,olay bitirilmi.",notr
"Emei geen herkesi tebrik ediyorum ncelikle. Ben byle bir filmde sanatsal ynn brakmak lazm bir kenara; mesaja bakmak lazm. Binlerce ehit verdik biz bu lkede yllardr. Nice analar alad. lk defa bu kadar gzel anlatan bir film ekilmiken sanatsal olarak eletirmeye alyoruz. Yazk bize valla. Son olarak bu filmi herkes izlemeli ve elini sol tarafna koyup ""Ne mutlu Trkm diyene"" diyebilmeli...",notr
"Gzel bir film , kardelik duygular zerine ama taklit deildir. bir arkada yamur adam ile benzetmi ama alakas yok desem :) bence izleyin piman olmazsnz. dier 5 para etmez yabanc filmleri izledikten sonra :)",notr
"Evrensel balamda bu topraklarda domam yaamam insanlara bir ey ifade etmeyen bir hikaye izledik. Trk olarak hikayeden hepimiz etkilendik duygulandk, gzel bir konu reklam eklinde pazarland, aldk gaz yutkunduk falan eyvallah. Ama bir sinema filmi olarak ele alndnda Trk eletirmenler objektif yorum yazabilecek mi merak ediyorum.",notr
"zlediim en etkileyici filmlerden biriydi. Gnlk skntlarmz iinde ve belki de o kadar da byk olmayan dertlerimizin aslnda ne kadar kk olduunu, o dalarda insanlarn ne artlarda bulunduunu, vatan savunduunu gsteren bir film. zledikten sonra insann hissettiklerini kelimelere dkemeyecei hale gelmesine sebep oluyor ksacas.",notr
"Film teknik adan fena saylmazd ama gereinden fazla uzun olmas bende sknt yaratt. Filmin en baarl sahnesinin komutann filmin banda, askerlere uyumamalar gerektiini anlatt itima sahnesi olduunu dnyorum.Ksaca bu filmi izlememek ok byk bir kayp deil bence.",notr
"Bu film izlenmeli arkadalar, bildiimiz ama kulaklarmz tkadmz gerekleri yanstmlar. O psikoloji, o ortam ve bunlarn maalesef kurgu deil gerek olmas. Her sava biter! Tm ehitlerimizin ruhu ad olsun.",notr
"izlenmeli ve yine izlenmeli, bireyler yazma ihtiyac duyuyorum bu film iin, ancak kelimelere dkemiyorum bir trl. Neden acaba, filmin ou yerinin gerei yanstmasndan m? hayal rn olduunu varsayp kamera alar ve oyunculuklarla ynetmenin stn baarsndan m? sonuta bata yazdm gibi izlenmeli.",notr
"Bak asna gre yorumlar deiebilir ancak gerek herkes iin ayndr. Film kamera tektikleri asndan kaliteli, oyuncular paparazzilerdeki artislerden deil ve karakterlere uygun yzler var. Ancak filmin en can alc noktas ilenmi olan konunun ileni ekli. Ne ar milliyeti ne ar yanda bir propaganda ne de bunun stnden bir pay karmaya alma abas. Bunlarn hibirinin grlmemesi akcas beni artt.
Bence psikolojik gerilimi olduka iyi yanstan bir film. Kamera teknikleri kaliteli. Hele atmann ortasnda askerin uurunu yitirip telefonu komutanna gtrmesi.",notr
13 yandan kkseniz gitmenizi tavsiye etmem zaten birka sahne biraz uyuz ama gerekten mantkl bir film trk yapm biraz kalitesiz olmas doal ama insan abisini bir kez daha tanyor seviyor ben abimle gittim ve gerekten etkilendim hepinize tavsiye ederim...,notr
Tom Cruise Dustin Hofmanndan Yamur Adam izlemenizi tavsiye ederim. Cneyt Arknn dnemin en iyi filmlerini taklit etme geleneini yeni nesil oyuncu ve yapmclarda srdryor. Sinemaseverlerin karsna zgn senaryolarla kn ltfen..,notr
bu filimin galasna pein hukml gittim olmaz trkler bunu beceremez dedim AMA olmu. harika harika harika koca koca adamlar alyordu filimin sonunda hem gldk hem aladk kesinlikle gidin seyredin piman olmazsnz.,notr
"Selamlar; Bu gece galasna katlma ans bulduum bu filim iin yaplan baz yorumlarn cok yersiz olduunu belirtmek istedim.
1. si yamur adam filimi ile bir benzerlii yok.
2. si daha nce yaplm hi bir trk filimine benzemiyor.
Filimde ok ince espirilerle gldrd gibi Levent zmc Mustafa stnda ile ba roller muhteem oyunculuk gsterilmi. Tavsiyemi Ciddiye Alrsanz ahsen 2009 iinde yaplm en muhteem Trk Yapm Filim Diye Bilirim iddetle Tavsiye ediyorum",notr
"Gzel bir durum psikolojisi filmi.Beendim ;ama byk beklenti ierisinde gittiimden,beklentilerimi yeterince karlayamad.",notr
filme sanatsal deilde siyaset gzyle bakld iin ok beenildi.tamam film konu olarak gzel ama sinema asndan tam bi felaketti ne grsellik vard ne konular arasndaki balant nede btnlk sanatsal adan bize hibiey vermemesine ramen 7 verdim.. ben bukadar abartlan baka bi film daha grmedim duygularmz bi kenara brakp puanmz ve yorumumuzu ona gre yapalm...,notr
